sys,t_res,s_res,tr,ta,total_time,percent_area
Polaris-MERRA2,hour,0.25,3.701150894165039,0,3.701150894165039,1
Polaris-MERRA2,hour,0.25,3.0926527976989746,0,3.0926527976989746,1
Polaris-MERRA2,hour,0.25,3.1276681423187256,0,3.1276681423187256,1
Polaris-MERRA2,hour,0.25,3.1240899562835693,0,3.1240899562835693,25
Polaris-MERRA2,hour,0.25,3.1320137977600098,0,3.1320137977600098,25
Polaris-MERRA2,hour,0.25,3.115643262863159,0,3.115643262863159,25
Polaris-MERRA2,hour,0.25,3.13432240486145,0,3.13432240486145,50
Polaris-MERRA2,hour,0.25,3.1030704975128174,0,3.1030704975128174,50
Polaris-MERRA2,hour,0.25,3.0815699100494385,0,3.0815699100494385,50
Polaris-MERRA2,hour,0.25,3.1019034385681152,0,3.1019034385681152,1
Polaris-MERRA2,hour,0.25,3.116492986679077,0,3.116492986679077,1
Polaris-MERRA2,hour,0.25,3.126481771469116,0,3.126481771469116,1
Polaris-MERRA2,hour,0.25,3.098637580871582,0,3.098637580871582,25
Polaris-MERRA2,hour,0.25,3.0981156826019287,0,3.0981156826019287,25
Polaris-MERRA2,hour,0.25,3.078033685684204,0,3.078033685684204,25
Polaris-MERRA2,hour,0.25,3.0848793983459473,0,3.0848793983459473,50
Polaris-MERRA2,hour,0.25,3.0356099605560303,0,3.0356099605560303,50
Polaris-MERRA2,hour,0.25,3.097224235534668,0,3.097224235534668,50
Polaris-MERRA2,hour,0.25,3.087904930114746,0,3.087904930114746,1
Polaris-MERRA2,hour,0.25,3.0968847274780273,0,3.0968847274780273,1
Polaris-MERRA2,hour,0.25,3.115112781524658,0,3.115112781524658,1
Polaris-MERRA2,hour,0.25,3.0961713790893555,0,3.0961713790893555,25
Polaris-MERRA2,hour,0.25,3.0875868797302246,0,3.0875868797302246,25
Polaris-MERRA2,hour,0.25,3.109545946121216,0,3.109545946121216,25
Polaris-MERRA2,hour,0.25,3.124674081802368,0,3.124674081802368,50
Polaris-MERRA2,hour,0.25,3.0987133979797363,0,3.0987133979797363,50
Polaris-MERRA2,hour,0.25,3.110074996948242,0,3.110074996948242,50
Polaris-MERRA2,year,0.25,0.02945542335510254,0,0.02945542335510254,1
Polaris-MERRA2,year,0.25,0.03203773498535156,0,0.03203773498535156,1
Polaris-MERRA2,year,0.25,0.029856443405151367,0,0.029856443405151367,1
Polaris-MERRA2,year,0.25,0.025328636169433594,0,0.025328636169433594,25
Polaris-MERRA2,year,0.25,0.022747516632080078,0,0.022747516632080078,25
Polaris-MERRA2,year,0.25,0.023633956909179688,0,0.023633956909179688,25
Polaris-MERRA2,year,0.25,0.023647785186767578,0,0.023647785186767578,50
Polaris-MERRA2,year,0.25,0.024379491806030273,0,0.024379491806030273,50
Polaris-MERRA2,year,0.25,0.023615121841430664,0,0.023615121841430664,50
Polaris-MERRA2,year,0.25,0.02411675453186035,0,0.02411675453186035,1
Polaris-MERRA2,year,0.25,0.023824214935302734,0,0.023824214935302734,1
Polaris-MERRA2,year,0.25,0.024494647979736328,0,0.024494647979736328,1
Polaris-MERRA2,year,0.25,0.02371978759765625,0,0.02371978759765625,25
Polaris-MERRA2,year,0.25,0.025342702865600586,0,0.025342702865600586,25
Polaris-MERRA2,year,0.25,0.02394890785217285,0,0.02394890785217285,25
Polaris-MERRA2,year,0.25,0.024472951889038086,0,0.024472951889038086,50
Polaris-MERRA2,year,0.25,0.02374267578125,0,0.02374267578125,50
Polaris-MERRA2,year,0.25,0.024496793746948242,0,0.024496793746948242,50
Polaris-MERRA2,year,0.25,0.023746490478515625,0,0.023746490478515625,1
Polaris-MERRA2,year,0.25,0.0245053768157959,0,0.0245053768157959,1
Polaris-MERRA2,year,0.25,0.023662805557250977,0,0.023662805557250977,1
Polaris-MERRA2,year,0.25,0.024536848068237305,0,0.024536848068237305,25
Polaris-MERRA2,year,0.25,0.02378702163696289,0,0.02378702163696289,25
Polaris-MERRA2,year,0.25,0.024436235427856445,0,0.024436235427856445,25
Polaris-MERRA2,year,0.25,0.023606300354003906,0,0.023606300354003906,50
Polaris-MERRA2,year,0.25,0.024474620819091797,0,0.024474620819091797,50
Polaris-MERRA2,year,0.25,0.023677587509155273,0,0.023677587509155273,50
Polaris-MERRA2,month,0.5,0.026374101638793945,0,0.026374101638793945,1
Polaris-MERRA2,month,0.5,0.025430679321289062,0,0.025430679321289062,1
Polaris-MERRA2,month,0.5,0.0253143310546875,0,0.0253143310546875,1
Polaris-MERRA2,month,0.5,0.025423288345336914,0,0.025423288345336914,25
Polaris-MERRA2,month,0.5,0.0246431827545166,0,0.0246431827545166,25
Polaris-MERRA2,month,0.5,0.023921489715576172,0,0.023921489715576172,25
Polaris-MERRA2,month,0.5,0.024600505828857422,0,0.024600505828857422,50
Polaris-MERRA2,month,0.5,0.02392578125,0,0.02392578125,50
Polaris-MERRA2,month,0.5,0.024619102478027344,0,0.024619102478027344,50
Polaris-MERRA2,month,0.5,0.024025440216064453,0,0.024025440216064453,1
Polaris-MERRA2,month,0.5,0.02530670166015625,0,0.02530670166015625,1
Polaris-MERRA2,month,0.5,0.023873090744018555,0,0.023873090744018555,1
Polaris-MERRA2,month,0.5,0.024529218673706055,0,0.024529218673706055,25
Polaris-MERRA2,month,0.5,0.023885250091552734,0,0.023885250091552734,25
Polaris-MERRA2,month,0.5,0.024556875228881836,0,0.024556875228881836,25
Polaris-MERRA2,month,0.5,0.023873567581176758,0,0.023873567581176758,50
Polaris-MERRA2,month,0.5,0.02458786964416504,0,0.02458786964416504,50
Polaris-MERRA2,month,0.5,0.023913860321044922,0,0.023913860321044922,50
Polaris-MERRA2,month,0.5,0.024634599685668945,0,0.024634599685668945,1
Polaris-MERRA2,month,0.5,0.02392268180847168,0,0.02392268180847168,1
Polaris-MERRA2,month,0.5,0.024596214294433594,0,0.024596214294433594,1
Polaris-MERRA2,month,0.5,0.023908376693725586,0,0.023908376693725586,25
Polaris-MERRA2,month,0.5,0.0245974063873291,0,0.0245974063873291,25
Polaris-MERRA2,month,0.5,0.02383565902709961,0,0.02383565902709961,25
Polaris-MERRA2,month,0.5,0.024742841720581055,0,0.024742841720581055,50
Polaris-MERRA2,month,0.5,0.023931503295898438,0,0.023931503295898438,50
Polaris-MERRA2,month,0.5,0.0245821475982666,0,0.0245821475982666,50
Polaris-MERRA2,hour,1,0.48588037490844727,0,0.48588037490844727,1
Polaris-MERRA2,hour,1,0.48699235916137695,0,0.48699235916137695,1
Polaris-MERRA2,hour,1,0.5011348724365234,0,0.5011348724365234,1
Polaris-MERRA2,hour,1,0.5087456703186035,0,0.5087456703186035,25
Polaris-MERRA2,hour,1,0.4614553451538086,0,0.4614553451538086,25
Polaris-MERRA2,hour,1,0.4629812240600586,0,0.4629812240600586,25
Polaris-MERRA2,hour,1,0.46622419357299805,0,0.46622419357299805,50
Polaris-MERRA2,hour,1,0.4599001407623291,0,0.4599001407623291,50
Polaris-MERRA2,hour,1,0.47766590118408203,0,0.47766590118408203,50
Polaris-MERRA2,hour,1,0.461345911026001,0,0.461345911026001,1
Polaris-MERRA2,hour,1,0.4797828197479248,0,0.4797828197479248,1
Polaris-MERRA2,hour,1,0.4756443500518799,0,0.4756443500518799,1
Polaris-MERRA2,hour,1,0.47484469413757324,0,0.47484469413757324,25
Polaris-MERRA2,hour,1,0.46447229385375977,0,0.46447229385375977,25
Polaris-MERRA2,hour,1,0.4563608169555664,0,0.4563608169555664,25
Polaris-MERRA2,hour,1,0.4708847999572754,0,0.4708847999572754,50
Polaris-MERRA2,hour,1,0.4759836196899414,0,0.4759836196899414,50
Polaris-MERRA2,hour,1,0.47475171089172363,0,0.47475171089172363,50
Polaris-MERRA2,hour,1,0.47632384300231934,0,0.47632384300231934,1
Polaris-MERRA2,hour,1,0.47341227531433105,0,0.47341227531433105,1
Polaris-MERRA2,hour,1,0.47014665603637695,0,0.47014665603637695,1
Polaris-MERRA2,hour,1,0.477459192276001,0,0.477459192276001,25
Polaris-MERRA2,hour,1,0.47535157203674316,0,0.47535157203674316,25
Polaris-MERRA2,hour,1,0.479292631149292,0,0.479292631149292,25
Polaris-MERRA2,hour,1,0.4613308906555176,0,0.4613308906555176,50
Polaris-MERRA2,hour,1,0.4779210090637207,0,0.4779210090637207,50
Polaris-MERRA2,hour,1,0.4803743362426758,0,0.4803743362426758,50
Polaris-MERRA2,year,1,0.03974318504333496,0,0.03974318504333496,1
Polaris-MERRA2,year,1,0.0343017578125,0,0.0343017578125,1
Polaris-MERRA2,year,1,0.028870105743408203,0,0.028870105743408203,1
Polaris-MERRA2,year,1,0.024151325225830078,0,0.024151325225830078,25
Polaris-MERRA2,year,1,0.02526068687438965,0,0.02526068687438965,25
Polaris-MERRA2,year,1,0.023703575134277344,0,0.023703575134277344,25
Polaris-MERRA2,year,1,0.024271011352539062,0,0.024271011352539062,50
Polaris-MERRA2,year,1,0.023215055465698242,0,0.023215055465698242,50
Polaris-MERRA2,year,1,0.024217844009399414,0,0.024217844009399414,50
Polaris-MERRA2,year,1,0.023528337478637695,0,0.023528337478637695,1
Polaris-MERRA2,year,1,0.02415156364440918,0,0.02415156364440918,1
Polaris-MERRA2,year,1,0.023467540740966797,0,0.023467540740966797,1
Polaris-MERRA2,year,1,0.02417159080505371,0,0.02417159080505371,25
Polaris-MERRA2,year,1,0.023470401763916016,0,0.023470401763916016,25
Polaris-MERRA2,year,1,0.024118900299072266,0,0.024118900299072266,25
Polaris-MERRA2,year,1,0.023460865020751953,0,0.023460865020751953,50
Polaris-MERRA2,year,1,0.02420806884765625,0,0.02420806884765625,50
Polaris-MERRA2,year,1,0.023495912551879883,0,0.023495912551879883,50
Polaris-MERRA2,year,1,0.02417159080505371,0,0.02417159080505371,1
Polaris-MERRA2,year,1,0.02342844009399414,0,0.02342844009399414,1
Polaris-MERRA2,year,1,0.024175167083740234,0,0.024175167083740234,1
Polaris-MERRA2,year,1,0.02344655990600586,0,0.02344655990600586,25
Polaris-MERRA2,year,1,0.02414846420288086,0,0.02414846420288086,25
Polaris-MERRA2,year,1,0.02341294288635254,0,0.02341294288635254,25
Polaris-MERRA2,year,1,0.024218082427978516,0,0.024218082427978516,50
Polaris-MERRA2,year,1,0.023465394973754883,0,0.023465394973754883,50
Polaris-MERRA2,year,1,0.0242311954498291,0,0.0242311954498291,50
Polaris-MERRA2,hour,0.25,3.0716538429260254,0,3.0716538429260254,1
Polaris-MERRA2,hour,0.25,3.097247362136841,0,3.097247362136841,1
Polaris-MERRA2,hour,0.25,3.0932703018188477,0,3.0932703018188477,1
Polaris-MERRA2,hour,0.25,3.08095121383667,0,3.08095121383667,25
Polaris-MERRA2,hour,0.25,3.1031813621520996,0,3.1031813621520996,25
Polaris-MERRA2,hour,0.25,3.095244884490967,0,3.095244884490967,25
Polaris-MERRA2,hour,0.25,3.0402541160583496,0,3.0402541160583496,50
Polaris-MERRA2,hour,0.25,3.032824754714966,0,3.032824754714966,50
Polaris-MERRA2,hour,0.25,3.0436458587646484,0,3.0436458587646484,50
Polaris-MERRA2,hour,0.25,3.0242908000946045,0,3.0242908000946045,1
Polaris-MERRA2,hour,0.25,3.029949903488159,0,3.029949903488159,1
Polaris-MERRA2,hour,0.25,2.999863624572754,0,2.999863624572754,1
Polaris-MERRA2,hour,0.25,3.0182526111602783,0,3.0182526111602783,25
Polaris-MERRA2,hour,0.25,3.0683224201202393,0,3.0683224201202393,25
Polaris-MERRA2,hour,0.25,3.0533721446990967,0,3.0533721446990967,25
Polaris-MERRA2,hour,0.25,3.0590710639953613,0,3.0590710639953613,50
Polaris-MERRA2,hour,0.25,3.043323040008545,0,3.043323040008545,50
Polaris-MERRA2,hour,0.25,3.05754017829895,0,3.05754017829895,50
Polaris-MERRA2,hour,0.25,3.04396390914917,0,3.04396390914917,1
Polaris-MERRA2,hour,0.25,3.0434656143188477,0,3.0434656143188477,1
Polaris-MERRA2,hour,0.25,3.0880799293518066,0,3.0880799293518066,1
Polaris-MERRA2,hour,0.25,3.005406618118286,0,3.005406618118286,25
Polaris-MERRA2,hour,0.25,3.0750131607055664,0,3.0750131607055664,25
Polaris-MERRA2,hour,0.25,3.104748010635376,0,3.104748010635376,25
Polaris-MERRA2,hour,0.25,3.091963052749634,0,3.091963052749634,50
Polaris-MERRA2,hour,0.25,3.069169521331787,0,3.069169521331787,50
Polaris-MERRA2,hour,0.25,3.0713677406311035,0,3.0713677406311035,50
Polaris-MERRA2,year,0.25,0.02355504035949707,0,0.02355504035949707,1
Polaris-MERRA2,year,0.25,0.022858619689941406,0,0.022858619689941406,1
Polaris-MERRA2,year,0.25,0.02399301528930664,0,0.02399301528930664,1
Polaris-MERRA2,year,0.25,0.023224830627441406,0,0.023224830627441406,25
Polaris-MERRA2,year,0.25,0.022362232208251953,0,0.022362232208251953,25
Polaris-MERRA2,year,0.25,0.023135662078857422,0,0.023135662078857422,25
Polaris-MERRA2,year,0.25,0.02355813980102539,0,0.02355813980102539,50
Polaris-MERRA2,year,0.25,0.024363040924072266,0,0.024363040924072266,50
Polaris-MERRA2,year,0.25,0.023587465286254883,0,0.023587465286254883,50
Polaris-MERRA2,year,0.25,0.024312496185302734,0,0.024312496185302734,1
Polaris-MERRA2,year,0.25,0.02353501319885254,0,0.02353501319885254,1
Polaris-MERRA2,year,0.25,0.024544477462768555,0,0.024544477462768555,1
Polaris-MERRA2,year,0.25,0.023789644241333008,0,0.023789644241333008,25
Polaris-MERRA2,year,0.25,0.025089502334594727,0,0.025089502334594727,25
Polaris-MERRA2,year,0.25,0.023587465286254883,0,0.023587465286254883,25
Polaris-MERRA2,year,0.25,0.024436235427856445,0,0.024436235427856445,50
Polaris-MERRA2,year,0.25,0.023567914962768555,0,0.023567914962768555,50
Polaris-MERRA2,year,0.25,0.02427196502685547,0,0.02427196502685547,50
Polaris-MERRA2,year,0.25,0.023492813110351562,0,0.023492813110351562,1
Polaris-MERRA2,year,0.25,0.02433013916015625,0,0.02433013916015625,1
Polaris-MERRA2,year,0.25,0.02355170249938965,0,0.02355170249938965,1
Polaris-MERRA2,year,0.25,0.02424311637878418,0,0.02424311637878418,25
Polaris-MERRA2,year,0.25,0.023541688919067383,0,0.023541688919067383,25
Polaris-MERRA2,year,0.25,0.024266719818115234,0,0.024266719818115234,25
Polaris-MERRA2,year,0.25,0.02353811264038086,0,0.02353811264038086,50
Polaris-MERRA2,year,0.25,0.024353981018066406,0,0.024353981018066406,50
Polaris-MERRA2,year,0.25,0.023587942123413086,0,0.023587942123413086,50
Polaris-MERRA2,month,0.5,0.02606487274169922,0,0.02606487274169922,1
Polaris-MERRA2,month,0.5,0.025227785110473633,0,0.025227785110473633,1
Polaris-MERRA2,month,0.5,0.025919437408447266,0,0.025919437408447266,1
Polaris-MERRA2,month,0.5,0.025158166885375977,0,0.025158166885375977,25
Polaris-MERRA2,month,0.5,0.024602651596069336,0,0.024602651596069336,25
Polaris-MERRA2,month,0.5,0.023865938186645508,0,0.023865938186645508,25
Polaris-MERRA2,month,0.5,0.02458024024963379,0,0.02458024024963379,50
Polaris-MERRA2,month,0.5,0.023879528045654297,0,0.023879528045654297,50
Polaris-MERRA2,month,0.5,0.024634599685668945,0,0.024634599685668945,50
Polaris-MERRA2,month,0.5,0.023798227310180664,0,0.023798227310180664,1
Polaris-MERRA2,month,0.5,0.02539348602294922,0,0.02539348602294922,1
Polaris-MERRA2,month,0.5,0.023777246475219727,0,0.023777246475219727,1
Polaris-MERRA2,month,0.5,0.02458810806274414,0,0.02458810806274414,25
Polaris-MERRA2,month,0.5,0.023880481719970703,0,0.023880481719970703,25
Polaris-MERRA2,month,0.5,0.024595975875854492,0,0.024595975875854492,25
Polaris-MERRA2,month,0.5,0.02388286590576172,0,0.02388286590576172,50
Polaris-MERRA2,month,0.5,0.024605512619018555,0,0.024605512619018555,50
Polaris-MERRA2,month,0.5,0.023789405822753906,0,0.023789405822753906,50
Polaris-MERRA2,month,0.5,0.024615049362182617,0,0.024615049362182617,1
Polaris-MERRA2,month,0.5,0.02393484115600586,0,0.02393484115600586,1
Polaris-MERRA2,month,0.5,0.0246274471282959,0,0.0246274471282959,1
Polaris-MERRA2,month,0.5,0.023922204971313477,0,0.023922204971313477,25
Polaris-MERRA2,month,0.5,0.02465677261352539,0,0.02465677261352539,25
Polaris-MERRA2,month,0.5,0.023871421813964844,0,0.023871421813964844,25
Polaris-MERRA2,month,0.5,0.024648427963256836,0,0.024648427963256836,50
Polaris-MERRA2,month,0.5,0.0238955020904541,0,0.0238955020904541,50
Polaris-MERRA2,month,0.5,0.024639368057250977,0,0.024639368057250977,50
Polaris-MERRA2,hour,1,0.48883962631225586,0,0.48883962631225586,1
Polaris-MERRA2,hour,1,0.4877443313598633,0,0.4877443313598633,1
Polaris-MERRA2,hour,1,0.4960920810699463,0,0.4960920810699463,1
Polaris-MERRA2,hour,1,0.5017800331115723,0,0.5017800331115723,25
Polaris-MERRA2,hour,1,0.47916197776794434,0,0.47916197776794434,25
Polaris-MERRA2,hour,1,0.4619486331939697,0,0.4619486331939697,25
Polaris-MERRA2,hour,1,0.46101832389831543,0,0.46101832389831543,50
Polaris-MERRA2,hour,1,0.4580533504486084,0,0.4580533504486084,50
Polaris-MERRA2,hour,1,0.46491336822509766,0,0.46491336822509766,50
Polaris-MERRA2,hour,1,0.4752223491668701,0,0.4752223491668701,1
Polaris-MERRA2,hour,1,0.4767329692840576,0,0.4767329692840576,1
Polaris-MERRA2,hour,1,0.481719970703125,0,0.481719970703125,1
Polaris-MERRA2,hour,1,0.4649324417114258,0,0.4649324417114258,25
Polaris-MERRA2,hour,1,0.4597501754760742,0,0.4597501754760742,25
Polaris-MERRA2,hour,1,0.5029451847076416,0,0.5029451847076416,25
Polaris-MERRA2,hour,1,0.4698970317840576,0,0.4698970317840576,50
Polaris-MERRA2,hour,1,0.4635744094848633,0,0.4635744094848633,50
Polaris-MERRA2,hour,1,0.4607675075531006,0,0.4607675075531006,50
Polaris-MERRA2,hour,1,0.47512006759643555,0,0.47512006759643555,1
Polaris-MERRA2,hour,1,0.4573333263397217,0,0.4573333263397217,1
Polaris-MERRA2,hour,1,0.48081350326538086,0,0.48081350326538086,1
Polaris-MERRA2,hour,1,0.4609863758087158,0,0.4609863758087158,25
Polaris-MERRA2,hour,1,0.46897077560424805,0,0.46897077560424805,25
Polaris-MERRA2,hour,1,0.4587678909301758,0,0.4587678909301758,25
Polaris-MERRA2,hour,1,0.476909875869751,0,0.476909875869751,50
Polaris-MERRA2,hour,1,0.4757208824157715,0,0.4757208824157715,50
Polaris-MERRA2,hour,1,0.4622938632965088,0,0.4622938632965088,50
Polaris-MERRA2,year,1,0.02584385871887207,0,0.02584385871887207,1
Polaris-MERRA2,year,1,0.024611949920654297,0,0.024611949920654297,1
Polaris-MERRA2,year,1,0.023558616638183594,0,0.023558616638183594,1
Polaris-MERRA2,year,1,0.021948575973510742,0,0.021948575973510742,25
Polaris-MERRA2,year,1,0.024971485137939453,0,0.024971485137939453,25
Polaris-MERRA2,year,1,0.023435354232788086,0,0.023435354232788086,25
Polaris-MERRA2,year,1,0.02428460121154785,0,0.02428460121154785,50
Polaris-MERRA2,year,1,0.02252340316772461,0,0.02252340316772461,50
Polaris-MERRA2,year,1,0.024168014526367188,0,0.024168014526367188,50
Polaris-MERRA2,year,1,0.023502588272094727,0,0.023502588272094727,1
Polaris-MERRA2,year,1,0.024280071258544922,0,0.024280071258544922,1
Polaris-MERRA2,year,1,0.02345561981201172,0,0.02345561981201172,1
Polaris-MERRA2,year,1,0.02422475814819336,0,0.02422475814819336,25
Polaris-MERRA2,year,1,0.02346038818359375,0,0.02346038818359375,25
Polaris-MERRA2,year,1,0.024208545684814453,0,0.024208545684814453,25
Polaris-MERRA2,year,1,0.02349543571472168,0,0.02349543571472168,50
Polaris-MERRA2,year,1,0.024303674697875977,0,0.024303674697875977,50
Polaris-MERRA2,year,1,0.023524045944213867,0,0.023524045944213867,50
Polaris-MERRA2,year,1,0.024189233779907227,0,0.024189233779907227,1
Polaris-MERRA2,year,1,0.023432016372680664,0,0.023432016372680664,1
Polaris-MERRA2,year,1,0.024216651916503906,0,0.024216651916503906,1
Polaris-MERRA2,year,1,0.023475170135498047,0,0.023475170135498047,25
Polaris-MERRA2,year,1,0.024231672286987305,0,0.024231672286987305,25
Polaris-MERRA2,year,1,0.023490428924560547,0,0.023490428924560547,25
Polaris-MERRA2,year,1,0.024198055267333984,0,0.024198055267333984,50
Polaris-MERRA2,year,1,0.023402929306030273,0,0.023402929306030273,50
Polaris-MERRA2,year,1,0.02422809600830078,0,0.02422809600830078,50
Polaris-MERRA2,hour,0.25,3.067425489425659,0,3.067425489425659,1
Polaris-MERRA2,hour,0.25,3.023271322250366,0,3.023271322250366,1
Polaris-MERRA2,hour,0.25,3.0035760402679443,0,3.0035760402679443,1
Polaris-MERRA2,hour,0.25,3.0318870544433594,0,3.0318870544433594,25
Polaris-MERRA2,hour,0.25,3.0556814670562744,0,3.0556814670562744,25
Polaris-MERRA2,hour,0.25,3.054013729095459,0,3.054013729095459,25
Polaris-MERRA2,hour,0.25,3.0754318237304688,0,3.0754318237304688,50
Polaris-MERRA2,hour,0.25,3.1090786457061768,0,3.1090786457061768,50
Polaris-MERRA2,hour,0.25,3.0591278076171875,0,3.0591278076171875,50
Polaris-MERRA2,hour,0.25,3.079442024230957,0,3.079442024230957,1
Polaris-MERRA2,hour,0.25,3.0735716819763184,0,3.0735716819763184,1
Polaris-MERRA2,hour,0.25,3.0668258666992188,0,3.0668258666992188,1
Polaris-MERRA2,hour,0.25,3.082043170928955,0,3.082043170928955,25
Polaris-MERRA2,hour,0.25,3.08148455619812,0,3.08148455619812,25
Polaris-MERRA2,hour,0.25,3.0773813724517822,0,3.0773813724517822,25
Polaris-MERRA2,hour,0.25,3.08132266998291,0,3.08132266998291,50
Polaris-MERRA2,hour,0.25,3.0444507598876953,0,3.0444507598876953,50
Polaris-MERRA2,hour,0.25,3.06430983543396,0,3.06430983543396,50
Polaris-MERRA2,hour,0.25,3.060621738433838,0,3.060621738433838,1
Polaris-MERRA2,hour,0.25,2.99654221534729,0,2.99654221534729,1
Polaris-MERRA2,hour,0.25,3.0588700771331787,0,3.0588700771331787,1
Polaris-MERRA2,hour,0.25,2.9891223907470703,0,2.9891223907470703,25
Polaris-MERRA2,hour,0.25,2.9815616607666016,0,2.9815616607666016,25
Polaris-MERRA2,hour,0.25,3.060757637023926,0,3.060757637023926,25
Polaris-MERRA2,hour,0.25,3.084104061126709,0,3.084104061126709,50
Polaris-MERRA2,hour,0.25,3.0388646125793457,0,3.0388646125793457,50
Polaris-MERRA2,hour,0.25,3.0918262004852295,0,3.0918262004852295,50
Polaris-MERRA2,year,0.25,0.03178262710571289,0,0.03178262710571289,1
Polaris-MERRA2,year,0.25,0.028604745864868164,0,0.028604745864868164,1
Polaris-MERRA2,year,0.25,0.02801346778869629,0,0.02801346778869629,1
Polaris-MERRA2,year,0.25,0.025354623794555664,0,0.025354623794555664,25
Polaris-MERRA2,year,0.25,0.02353072166442871,0,0.02353072166442871,25
Polaris-MERRA2,year,0.25,0.023564577102661133,0,0.023564577102661133,25
Polaris-MERRA2,year,0.25,0.023578166961669922,0,0.023578166961669922,50
Polaris-MERRA2,year,0.25,0.023923635482788086,0,0.023923635482788086,50
Polaris-MERRA2,year,0.25,0.02350473403930664,0,0.02350473403930664,50
Polaris-MERRA2,year,0.25,0.023797988891601562,0,0.023797988891601562,1
Polaris-MERRA2,year,0.25,0.02356743812561035,0,0.02356743812561035,1
Polaris-MERRA2,year,0.25,0.02404332160949707,0,0.02404332160949707,1
Polaris-MERRA2,year,0.25,0.023554325103759766,0,0.023554325103759766,25
Polaris-MERRA2,year,0.25,0.0238039493560791,0,0.0238039493560791,25
Polaris-MERRA2,year,0.25,0.023530960083007812,0,0.023530960083007812,25
Polaris-MERRA2,year,0.25,0.023763418197631836,0,0.023763418197631836,50
Polaris-MERRA2,year,0.25,0.023560285568237305,0,0.023560285568237305,50
Polaris-MERRA2,year,0.25,0.02369523048400879,0,0.02369523048400879,50
Polaris-MERRA2,year,0.25,0.02349567413330078,0,0.02349567413330078,1
Polaris-MERRA2,year,0.25,0.02380228042602539,0,0.02380228042602539,1
Polaris-MERRA2,year,0.25,0.023468971252441406,0,0.023468971252441406,1
Polaris-MERRA2,year,0.25,0.02379894256591797,0,0.02379894256591797,25
Polaris-MERRA2,year,0.25,0.0234830379486084,0,0.0234830379486084,25
Polaris-MERRA2,year,0.25,0.023738861083984375,0,0.023738861083984375,25
Polaris-MERRA2,year,0.25,0.023491859436035156,0,0.023491859436035156,50
Polaris-MERRA2,year,0.25,0.023803234100341797,0,0.023803234100341797,50
Polaris-MERRA2,year,0.25,0.023558378219604492,0,0.023558378219604492,50
Polaris-MERRA2,month,0.5,0.025408029556274414,0,0.025408029556274414,1
Polaris-MERRA2,month,0.5,0.025126218795776367,0,0.025126218795776367,1
Polaris-MERRA2,month,0.5,0.025492191314697266,0,0.025492191314697266,1
Polaris-MERRA2,month,0.5,0.02522754669189453,0,0.02522754669189453,25
Polaris-MERRA2,month,0.5,0.024138212203979492,0,0.024138212203979492,25
Polaris-MERRA2,month,0.5,0.023802757263183594,0,0.023802757263183594,25
Polaris-MERRA2,month,0.5,0.02411055564880371,0,0.02411055564880371,50
Polaris-MERRA2,month,0.5,0.02382493019104004,0,0.02382493019104004,50
Polaris-MERRA2,month,0.5,0.024264097213745117,0,0.024264097213745117,50
Polaris-MERRA2,month,0.5,0.02377629280090332,0,0.02377629280090332,1
Polaris-MERRA2,month,0.5,0.024078845977783203,0,0.024078845977783203,1
Polaris-MERRA2,month,0.5,0.023927927017211914,0,0.023927927017211914,1
Polaris-MERRA2,month,0.5,0.024156808853149414,0,0.024156808853149414,25
Polaris-MERRA2,month,0.5,0.023941516876220703,0,0.023941516876220703,25
Polaris-MERRA2,month,0.5,0.024611711502075195,0,0.024611711502075195,25
Polaris-MERRA2,month,0.5,0.02384042739868164,0,0.02384042739868164,50
Polaris-MERRA2,month,0.5,0.024565935134887695,0,0.024565935134887695,50
Polaris-MERRA2,month,0.5,0.02380681037902832,0,0.02380681037902832,50
Polaris-MERRA2,month,0.5,0.02424931526184082,0,0.02424931526184082,1
Polaris-MERRA2,month,0.5,0.02395462989807129,0,0.02395462989807129,1
Polaris-MERRA2,month,0.5,0.02415180206298828,0,0.02415180206298828,1
Polaris-MERRA2,month,0.5,0.02387547492980957,0,0.02387547492980957,25
Polaris-MERRA2,month,0.5,0.024626493453979492,0,0.024626493453979492,25
Polaris-MERRA2,month,0.5,0.02383279800415039,0,0.02383279800415039,25
Polaris-MERRA2,month,0.5,0.024574995040893555,0,0.024574995040893555,50
Polaris-MERRA2,month,0.5,0.023792743682861328,0,0.023792743682861328,50
Polaris-MERRA2,month,0.5,0.0245358943939209,0,0.0245358943939209,50
Polaris-MERRA2,hour,1,0.4817788600921631,0,0.4817788600921631,1
Polaris-MERRA2,hour,1,0.4811232089996338,0,0.4811232089996338,1
Polaris-MERRA2,hour,1,0.5058257579803467,0,0.5058257579803467,1
Polaris-MERRA2,hour,1,0.5060944557189941,0,0.5060944557189941,25
Polaris-MERRA2,hour,1,0.48505115509033203,0,0.48505115509033203,25
Polaris-MERRA2,hour,1,0.45993995666503906,0,0.45993995666503906,25
Polaris-MERRA2,hour,1,0.458235502243042,0,0.458235502243042,50
Polaris-MERRA2,hour,1,0.4615485668182373,0,0.4615485668182373,50
Polaris-MERRA2,hour,1,0.4582822322845459,0,0.4582822322845459,50
Polaris-MERRA2,hour,1,0.45066380500793457,0,0.45066380500793457,1
Polaris-MERRA2,hour,1,0.4582853317260742,0,0.4582853317260742,1
Polaris-MERRA2,hour,1,0.4634528160095215,0,0.4634528160095215,1
Polaris-MERRA2,hour,1,0.48222875595092773,0,0.48222875595092773,25
Polaris-MERRA2,hour,1,0.46480536460876465,0,0.46480536460876465,25
Polaris-MERRA2,hour,1,0.46164822578430176,0,0.46164822578430176,25
Polaris-MERRA2,hour,1,0.4901249408721924,0,0.4901249408721924,50
Polaris-MERRA2,hour,1,0.4735283851623535,0,0.4735283851623535,50
Polaris-MERRA2,hour,1,0.4722154140472412,0,0.4722154140472412,50
Polaris-MERRA2,hour,1,0.4755101203918457,0,0.4755101203918457,1
Polaris-MERRA2,hour,1,0.46200132369995117,0,0.46200132369995117,1
Polaris-MERRA2,hour,1,0.4750528335571289,0,0.4750528335571289,1
Polaris-MERRA2,hour,1,0.4566223621368408,0,0.4566223621368408,25
Polaris-MERRA2,hour,1,0.4597795009613037,0,0.4597795009613037,25
Polaris-MERRA2,hour,1,0.46553921699523926,0,0.46553921699523926,25
Polaris-MERRA2,hour,1,0.47449803352355957,0,0.47449803352355957,50
Polaris-MERRA2,hour,1,0.476987361907959,0,0.476987361907959,50
Polaris-MERRA2,hour,1,0.4739570617675781,0,0.4739570617675781,50
Polaris-MERRA2,year,1,0.04230165481567383,0,0.04230165481567383,1
Polaris-MERRA2,year,1,0.03531646728515625,0,0.03531646728515625,1
Polaris-MERRA2,year,1,0.030682086944580078,0,0.030682086944580078,1
Polaris-MERRA2,year,1,0.025156259536743164,0,0.025156259536743164,25
Polaris-MERRA2,year,1,0.024828195571899414,0,0.024828195571899414,25
Polaris-MERRA2,year,1,0.02353048324584961,0,0.02353048324584961,25
Polaris-MERRA2,year,1,0.02423548698425293,0,0.02423548698425293,50
Polaris-MERRA2,year,1,0.023601531982421875,0,0.023601531982421875,50
Polaris-MERRA2,year,1,0.024317502975463867,0,0.024317502975463867,50
Polaris-MERRA2,year,1,0.023643970489501953,0,0.023643970489501953,1
Polaris-MERRA2,year,1,0.024247407913208008,0,0.024247407913208008,1
Polaris-MERRA2,year,1,0.02355504035949707,0,0.02355504035949707,1
Polaris-MERRA2,year,1,0.024258852005004883,0,0.024258852005004883,25
Polaris-MERRA2,year,1,0.023504257202148438,0,0.023504257202148438,25
Polaris-MERRA2,year,1,0.024239063262939453,0,0.024239063262939453,25
Polaris-MERRA2,year,1,0.023567914962768555,0,0.023567914962768555,50
Polaris-MERRA2,year,1,0.02428269386291504,0,0.02428269386291504,50
Polaris-MERRA2,year,1,0.023546695709228516,0,0.023546695709228516,50
Polaris-MERRA2,year,1,0.02423858642578125,0,0.02423858642578125,1
Polaris-MERRA2,year,1,0.02358865737915039,0,0.02358865737915039,1
Polaris-MERRA2,year,1,0.02431654930114746,0,0.02431654930114746,1
Polaris-MERRA2,year,1,0.023596525192260742,0,0.023596525192260742,25
Polaris-MERRA2,year,1,0.024257659912109375,0,0.024257659912109375,25
Polaris-MERRA2,year,1,0.02364492416381836,0,0.02364492416381836,25
Polaris-MERRA2,year,1,0.02431774139404297,0,0.02431774139404297,50
Polaris-MERRA2,year,1,0.02357935905456543,0,0.02357935905456543,50
Polaris-MERRA2,year,1,0.02495121955871582,0,0.02495121955871582,50
Polaris-MERRA2,hour,0.25,4.284677028656006,0,4.284677028656006,100
Polaris-MERRA2,hour,0.25,3.6888833045959473,0,3.6888833045959473,100
Polaris-MERRA2,hour,0.25,3.6971192359924316,0,3.6971192359924316,100
Polaris-MERRA2,hour,1,0.44693589210510254,0,0.44693589210510254,100
Polaris-MERRA2,hour,1,0.4633955955505371,0,0.4633955955505371,100
Polaris-MERRA2,hour,1,0.5093002319335938,0,0.5093002319335938,100
Polaris-MERRA2,year,0.25,0.0293123722076416,0,0.0293123722076416,100
Polaris-MERRA2,year,0.25,0.026904821395874023,0,0.026904821395874023,100
Polaris-MERRA2,year,0.25,0.024835586547851562,0,0.024835586547851562,100
Polaris-MERRA2,year,1,0.02406144142150879,0,0.02406144142150879,100
Polaris-MERRA2,year,1,0.023949146270751953,0,0.023949146270751953,100
Polaris-MERRA2,year,1,0.023520469665527344,0,0.023520469665527344,100
Polaris-MERRA2,month,0.5,0.026537418365478516,0,0.026537418365478516,100
Polaris-MERRA2,month,0.5,0.02512502670288086,0,0.02512502670288086,100
Polaris-MERRA2,month,0.5,0.025079011917114258,0,0.025079011917114258,100
Polaris-ERA5,hour,0.25,1.2724535465240479,0.0,1.2724535465240479,1
Polaris-ERA5,hour,0.25,1.2587599754333496,0.0,1.2587599754333496,1
Polaris-ERA5,hour,0.25,1.2293825149536133,0.0,1.2293825149536133,1
Polaris-ERA5,hour,0.25,5.6795384883880615,0.0,5.6795384883880615,25
Polaris-ERA5,hour,0.25,5.793336868286133,0.0,5.793336868286133,25
Polaris-ERA5,hour,0.25,5.768988847732544,0.0,5.768988847732544,25
Polaris-ERA5,hour,0.25,9.720134973526001,0.0,9.720134973526001,50
Polaris-ERA5,hour,0.25,9.711118698120117,0.0,9.711118698120117,50
Polaris-ERA5,hour,0.25,9.683241605758667,0.0,9.683241605758667,50
Polaris-ERA5,hour,0.25,15.52540636062622,0.0,15.52540636062622,100
Polaris-ERA5,hour,0.25,13.285165071487427,0.0,13.285165071487427,100
Polaris-ERA5,hour,0.25,12.551912546157837,0.0,12.551912546157837,100
Polaris-ERA5,year,0.25,0.04938626289367676,0.0,0.04938626289367676,1
Polaris-ERA5,year,0.25,0.03928065299987793,0.0,0.03928065299987793,1
Polaris-ERA5,year,0.25,0.03022599220275879,0.0,0.03022599220275879,1
Polaris-ERA5,year,0.25,0.038870811462402344,0.0,0.038870811462402344,25
Polaris-ERA5,year,0.25,0.039055585861206055,0.0,0.039055585861206055,25
Polaris-ERA5,year,0.25,0.0381624698638916,0.0,0.0381624698638916,25
Polaris-ERA5,year,0.25,0.03324413299560547,0.0,0.03324413299560547,50
Polaris-ERA5,year,0.25,0.03350830078125,0.0,0.03350830078125,50
Polaris-ERA5,year,0.25,0.042360782623291016,0.0,0.042360782623291016,50
Polaris-ERA5,year,0.25,0.03533291816711426,0.0,0.03533291816711426,100
Polaris-ERA5,year,0.25,0.041991233825683594,0.0,0.041991233825683594,100
Polaris-ERA5,year,0.25,0.04642939567565918,0.0,0.04642939567565918,100
Polaris-ERA5,month,0.5,0.10478091239929199,0.0,0.10478091239929199,1
Polaris-ERA5,month,0.5,0.1016848087310791,0.0,0.1016848087310791,1
Polaris-ERA5,month,0.5,0.1018526554107666,0.0,0.1018526554107666,1
Polaris-ERA5,month,0.5,0.11038064956665039,0.0,0.11038064956665039,25
Polaris-ERA5,month,0.5,0.12835240364074707,0.0,0.12835240364074707,25
Polaris-ERA5,month,0.5,0.1095883846282959,0.0,0.1095883846282959,25
Polaris-ERA5,month,0.5,0.1437392234802246,0.0,0.1437392234802246,50
Polaris-ERA5,month,0.5,0.09977936744689941,0.0,0.09977936744689941,50
Polaris-ERA5,month,0.5,0.11477398872375488,0.0,0.11477398872375488,50
Polaris-ERA5,month,0.5,0.08631014823913574,0.0,0.08631014823913574,100
Polaris-ERA5,month,0.5,0.07667779922485352,0.0,0.07667779922485352,100
Polaris-ERA5,month,0.5,0.10790276527404785,0.0,0.10790276527404785,100
Polaris-ERA5,hour,1.0,0.6861891746520996,0.0,0.6861891746520996,1
Polaris-ERA5,hour,1.0,0.4174354076385498,0.0,0.4174354076385498,1
Polaris-ERA5,hour,1.0,0.5443606376647949,0.0,0.5443606376647949,1
Polaris-ERA5,hour,1.0,1.1983742713928223,0.0,1.1983742713928223,25
Polaris-ERA5,hour,1.0,1.147735834121704,0.0,1.147735834121704,25
Polaris-ERA5,hour,1.0,1.1409685611724854,0.0,1.1409685611724854,25
Polaris-ERA5,hour,1.0,1.6615045070648193,0.0,1.6615045070648193,50
Polaris-ERA5,hour,1.0,2.9777233600616455,0.0,2.9777233600616455,50
Polaris-ERA5,hour,1.0,1.9890661239624023,0.0,1.9890661239624023,50
Polaris-ERA5,hour,1.0,3.969572067260742,0.0,3.969572067260742,100
Polaris-ERA5,hour,1.0,3.145104169845581,0.0,3.145104169845581,100
Polaris-ERA5,hour,1.0,3.012788772583008,0.0,3.012788772583008,100
Polaris-ERA5,year,1.0,0.03890657424926758,0.0,0.03890657424926758,1
Polaris-ERA5,year,1.0,0.028574466705322266,0.0,0.028574466705322266,1
Polaris-ERA5,year,1.0,0.029007673263549805,0.0,0.029007673263549805,1
Polaris-ERA5,year,1.0,0.026841402053833008,0.0,0.026841402053833008,25
Polaris-ERA5,year,1.0,0.026107311248779297,0.0,0.026107311248779297,25
Polaris-ERA5,year,1.0,0.025372743606567383,0.0,0.025372743606567383,25
Polaris-ERA5,year,1.0,0.026378393173217773,0.0,0.026378393173217773,50
Polaris-ERA5,year,1.0,0.025740623474121094,0.0,0.025740623474121094,50
Polaris-ERA5,year,1.0,0.02571249008178711,0.0,0.02571249008178711,50
Polaris-ERA5,year,1.0,0.026541709899902344,0.0,0.026541709899902344,100
Polaris-ERA5,year,1.0,0.02727055549621582,0.0,0.02727055549621582,100
Polaris-ERA5,year,1.0,0.02691483497619629,0.0,0.02691483497619629,100
Vanilla,hour,0.25,0.5279817581176758,37.771604776382446,38.29958653450012,1
Vanilla,hour,0.25,0.08121562004089355,3.0544817447662354,3.135697364807129,1
Vanilla,hour,0.25,0.07085704803466797,26.066162109375,26.137019157409668,1
Vanilla,hour,0.25,0.07297158241271973,5.9331207275390625,6.006092309951782,25
Vanilla,hour,0.25,0.06737685203552246,9.447067260742188,9.51444411277771,25
Vanilla,hour,0.25,0.0670163631439209,45.4658887386322,45.53290510177612,25
Vanilla,hour,0.25,0.1920325756072998,15.352250814437866,15.544283390045166,50
Vanilla,hour,0.25,0.08173489570617676,25.21476984024048,25.296504735946655,50
Vanilla,hour,0.25,0.06682753562927246,9.856495141983032,9.923322677612305,50
Vanilla,hour,0.25,0.06692981719970703,24.145527839660645,24.21245765686035,100
Vanilla,hour,0.25,0.0670323371887207,84.26279830932617,84.32983064651489,100
Vanilla,hour,0.25,0.06774687767028809,87.12646675109863,87.19421362876892,100
Vanilla,year,0.25,0.06771349906921387,8.1640784740448,8.231791973114014,1
Vanilla,year,0.25,0.10729837417602539,4.52901816368103,4.636316537857056,1
Vanilla,year,0.25,0.10763025283813477,24.85081720352173,24.958447456359863,1
Vanilla,year,0.25,0.10779643058776855,16.56643843650818,16.674234867095947,25
Vanilla,year,0.25,0.10727381706237793,25.156721830368042,25.26399564743042,25
Vanilla,year,0.25,0.10712838172912598,6.544341087341309,6.651469469070435,25
Vanilla,year,0.25,0.10727286338806152,8.447242021560669,8.55451488494873,50
Vanilla,year,0.25,0.10764575004577637,32.0751736164093,32.18281936645508,50
Vanilla,year,0.25,0.10732078552246094,8.765840291976929,8.87316107749939,50
Vanilla,year,0.25,0.10714316368103027,16.542622804641724,16.649765968322754,100
Vanilla,year,0.25,0.10728883743286133,9.907180070877075,10.014468908309937,100
Vanilla,year,0.25,0.10746288299560547,20.40679359436035,20.514256477355957,100
Vanilla,month,0.5,0.1048586368560791,1.4828543663024902,1.5877130031585693,1
Vanilla,month,0.5,0.09743785858154297,12.583054304122925,12.680492162704468,1
Vanilla,month,0.5,0.09675097465515137,1.63979172706604,1.7365427017211914,1
Vanilla,month,0.5,0.10105347633361816,5.423248767852783,5.524302244186401,25
Vanilla,month,0.5,0.07775712013244629,5.356719493865967,5.434476613998413,25
Vanilla,month,0.5,0.09811043739318848,5.483179569244385,5.581290006637573,25
Vanilla,month,0.5,0.07191896438598633,8.791134119033813,8.8630530834198,50
Vanilla,month,0.5,0.09595799446105957,8.821505546569824,8.917463541030884,50
Vanilla,month,0.5,0.09551572799682617,8.899029970169067,8.994545698165894,50
Vanilla,month,0.5,0.06694912910461426,20.60204529762268,20.668994426727295,100
Vanilla,month,0.5,0.08768796920776367,12.440985918045044,12.528673887252808,100
Vanilla,month,0.5,0.06770563125610352,16.44445514678955,16.512160778045654,100
Vanilla,hour,1.0,0.08073210716247559,1.3091566562652588,1.3898887634277344,1
Vanilla,hour,1.0,0.09592199325561523,8.999919414520264,9.095841407775879,1
Vanilla,hour,1.0,0.079559326171875,1.2749722003936768,1.3545315265655518,1
Vanilla,hour,1.0,0.10699939727783203,7.4818174839019775,7.58881688117981,25
Vanilla,hour,1.0,0.07023906707763672,7.631327390670776,7.701566457748413,25
Vanilla,hour,1.0,0.07076668739318848,7.278176784515381,7.348943471908569,25
Vanilla,hour,1.0,0.07399725914001465,13.345290422439575,13.41928768157959,50
Vanilla,hour,1.0,0.06757164001464844,13.432547807693481,13.50011944770813,50
Vanilla,hour,1.0,0.06711149215698242,12.765625,12.832736492156982,50
Vanilla,hour,1.0,0.0675957202911377,23.35368847846985,23.421284198760986,100
Vanilla,hour,1.0,0.06776785850524902,19.89374876022339,19.961516618728638,100
Vanilla,hour,1.0,0.06761503219604492,19.396798610687256,19.4644136428833,100
Vanilla,year,1.0,0.06737661361694336,1.1911139488220215,1.2584905624389648,1
Vanilla,year,1.0,0.09384870529174805,1.1931424140930176,1.2869911193847656,1
Vanilla,year,1.0,0.10726165771484375,1.209062099456787,1.3163237571716309,1
Vanilla,year,1.0,0.10712671279907227,5.0306477546691895,5.137774467468262,25
Vanilla,year,1.0,0.10733628273010254,5.082716226577759,5.190052509307861,25
Vanilla,year,1.0,0.1069953441619873,5.237484693527222,5.344480037689209,25
Vanilla,year,1.0,0.10723876953125,8.38640308380127,8.49364185333252,50
Vanilla,year,1.0,0.10704302787780762,8.283559322357178,8.390602350234985,50
Vanilla,year,1.0,0.10713315010070801,8.864037036895752,8.97117018699646,50
Vanilla,year,1.0,0.10703325271606445,9.93346643447876,10.040499687194824,100
Vanilla,year,1.0,0.1064763069152832,9.951231479644775,10.057707786560059,100
Vanilla,year,1.0,0.1072540283203125,11.165312051773071,11.272566080093384,100
TDB,hour,0.25,34.814393758773804,0.14969301223754883,34.96408677101135,1
TDB,hour,0.25,33.743447065353394,0.0002167224884033203,33.7436637878418,1
TDB,hour,0.25,33.3220579624176,0.00021982192993164062,33.322277784347534,1
TDB,hour,0.25,39.036855936050415,0.00023412704467773438,39.03709006309509,25
TDB,hour,0.25,34.18821978569031,0.00022292137145996094,34.18844270706177,25
TDB,hour,0.25,38.068716049194336,0.0002257823944091797,38.068941831588745,25
TDB,hour,0.25,40.6132926940918,0.000217437744140625,40.61351013183594,50
TDB,hour,0.25,40.02053785324097,0.00021529197692871094,40.020753145217896,50
TDB,hour,0.25,44.19069743156433,0.00022983551025390625,44.190927267074585,50
TDB,hour,0.25,45.15911555290222,0.00022649765014648438,45.15934205055237,100
TDB,hour,0.25,49.61070442199707,0.0002300739288330078,49.6109344959259,100
TDB,hour,0.25,55.043723344802856,0.00022530555725097656,55.04394865036011,100
TDB,year,0.25,33.523165464401245,0.027757883071899414,33.550923347473145,1
TDB,year,0.25,33.84299349784851,0.02415752410888672,33.8671510219574,1
TDB,year,0.25,33.31677269935608,0.07043337821960449,33.387206077575684,1
TDB,year,0.25,39.168596267700195,0.23952555656433105,39.408121824264526,25
TDB,year,0.25,34.52082371711731,0.23649907112121582,34.757322788238525,25
TDB,year,0.25,37.83251142501831,1.3886349201202393,39.22114634513855,25
TDB,year,0.25,40.19692778587341,0.455852746963501,40.652780532836914,50
TDB,year,0.25,39.73180818557739,0.4652118682861328,40.197020053863525,50
TDB,year,0.25,43.651283264160156,3.8368301391601562,47.48811340332031,50
TDB,year,0.25,44.557406425476074,0.8974013328552246,45.4548077583313,100
TDB,year,0.25,48.969908237457275,0.897712230682373,49.86762046813965,100
TDB,year,0.25,54.29903030395508,7.917744159698486,62.216774463653564,100
TDB,month,0.5,33.46715331077576,0.08837628364562988,33.55552959442139,1
TDB,month,0.5,33.732279777526855,0.08446025848388672,33.81674003601074,1
TDB,month,0.5,33.10129523277283,0.12681078910827637,33.2281060218811,1
TDB,month,0.5,38.934545040130615,0.3186194896697998,39.253164529800415,25
TDB,month,0.5,34.28891324996948,0.31835341453552246,34.607266664505005,25
TDB,month,0.5,37.738301515579224,1.1865885257720947,38.92489004135132,25
TDB,month,0.5,40.13533639907837,0.5991816520690918,40.73451805114746,50
TDB,month,0.5,39.37910866737366,0.5733604431152344,39.95246911048889,50
TDB,month,0.5,43.70710062980652,2.2170820236206055,45.924182653427124,50
TDB,month,0.5,44.57388424873352,1.0552303791046143,45.629114627838135,100
TDB,month,0.5,48.977500915527344,1.0810720920562744,50.05857300758362,100
TDB,month,0.5,54.11125135421753,4.424776315689087,58.536027669906616,100
TDB,hour,1.0,33.460365772247314,0.5763914585113525,34.03675723075867,1
TDB,hour,1.0,33.333131551742554,0.5770242214202881,33.91015577316284,1
TDB,hour,1.0,33.01669979095459,0.6166436672210693,33.63334345817566,1
TDB,hour,1.0,38.60208749771118,12.527099847793579,51.12918734550476,25
TDB,hour,1.0,33.92203712463379,12.428939819335938,46.35097694396973,25
TDB,hour,1.0,38.00083088874817,11.22059679031372,49.22142767906189,25
TDB,hour,1.0,39.73572516441345,24.97652816772461,64.71225333213806,50
TDB,hour,1.0,39.5725679397583,24.823730945587158,64.39629888534546,50
TDB,hour,1.0,43.5121386051178,27.0038001537323,70.5159387588501,50
TDB,hour,1.0,45.02201533317566,49.756118059158325,94.77813339233398,100
TDB,hour,1.0,49.34287643432617,49.220404386520386,98.56328082084656,100
TDB,hour,1.0,54.74101424217224,53.44023275375366,108.1812469959259,100
TDB,year,1.0,33.48286724090576,0.02728724479675293,33.510154485702515,1
TDB,year,1.0,33.61293172836304,0.026941537857055664,33.63987326622009,1
TDB,year,1.0,33.066972970962524,0.07495284080505371,33.14192581176758,1
TDB,year,1.0,38.66911220550537,0.2332911491394043,38.902403354644775,25
TDB,year,1.0,34.261518239974976,0.23338103294372559,34.4948992729187,25
TDB,year,1.0,37.99784827232361,1.508784294128418,39.506632566452026,25
TDB,year,1.0,40.25744915008545,0.4586491584777832,40.71609830856323,50
TDB,year,1.0,39.53565001487732,0.456989049911499,39.99263906478882,50
TDB,year,1.0,43.75050187110901,3.0328621864318848,46.783364057540894,50
TDB,year,1.0,44.241844177246094,0.9063117504119873,45.14815592765808,100
TDB,year,1.0,49.01199126243591,0.9013223648071289,49.91331362724304,100
TDB,year,1.0,54.50497627258301,8.170835494995117,62.675811767578125,100